#,"Payment Id","First Name","Last Name","Roll Number",Class,Division,"Contact Number","Email Address","Invoice Date","Payment Date","Fee Name","Fee Amount",Quarter,"Payment status","Payment Due Date","Transaction Mode","Payment Reference No","Payout Date","Payment Details","Payment Link","order id"
1,403564,ANiket,paradhi,Test7001,QA,A,8080326836,aniket.paradhi@airpay.co.in,14-05-2019,14-05-2019,PranitaTest2,100.00,Q1,Paid,"May 08 2019",Airpay,314654,,,https://qa.schoolpay.co.in/memberinvoicedetails_new.php?pid=403564&schoolid=167,214956
2,403566,ANiket,paradhi,Test7001,QA,A,8080326836,aniket.paradhi@airpay.co.in,14-05-2019,14-05-2019,Pranitatest3,500.00,Q1,Paid,"May 13 2019",Airpay,314755,,,https://qa.schoolpay.co.in/memberinvoicedetails_new.php?pid=403566&schoolid=167,214959
3,,ANiket,paradhi,Test7001,QA,A,8080326836,aniket.paradhi@airpay.co.in,14-05-2019,14-05-2019,AirpayTest,100.00,Q1,Paid,"May 13 2019",Airpay,314755,,,https://qa.schoolpay.co.in/memberinvoicedetails_new.php?pid=403566&schoolid=167,214959
4,,ANiket,paradhi,Test7001,QA,A,8080326836,aniket.paradhi@airpay.co.in,14-05-2019,14-05-2019,Test1234,100.00,Q1,Paid,"May 13 2019",Airpay,314755,,,https://qa.schoolpay.co.in/memberinvoicedetails_new.php?pid=403566&schoolid=167,214959
5,,ANiket,paradhi,Test7001,QA,A,8080326836,aniket.paradhi@airpay.co.in,14-05-2019,14-05-2019,AirpayTest1,100.00,Q1,Paid,"May 13 2019",Airpay,314755,,,https://qa.schoolpay.co.in/memberinvoicedetails_new.php?pid=403566&schoolid=167,214959
6,,ANiket,paradhi,Test7001,QA,A,8080326836,aniket.paradhi@airpay.co.in,14-05-2019,14-05-2019,demoTest1,100.00,Q1,Paid,"May 13 2019",Airpay,314755,,,https://qa.schoolpay.co.in/memberinvoicedetails_new.php?pid=403566&schoolid=167,214959
7,,ANiket,paradhi,Test7001,QA,A,8080326836,aniket.paradhi@airpay.co.in,14-05-2019,14-05-2019,demoTest2,100.00,Q1,Paid,"May 13 2019",Airpay,314755,,,https://qa.schoolpay.co.in/memberinvoicedetails_new.php?pid=403566&schoolid=167,214959
8,403568,ANiket,paradhi,Test7001,QA,A,8080326836,aniket.paradhi@airpay.co.in,14-05-2019,14-05-2019,Test123,100.00,Q1,Paid,"May 13 2019",Airpay,314658,,,https://qa.schoolpay.co.in/memberinvoicedetails_new.php?pid=403568&schoolid=167,214957
9,403569,ANiket,paradhi,Test7001,QA,A,8080326836,aniket.paradhi@airpay.co.in,14-05-2019,14-05-2019,DemoAirpay,100.00,Q1,Paid,"May 13 2019",Airpay,314770,,,https://qa.schoolpay.co.in/memberinvoicedetails_new.php?pid=403569&schoolid=167,214961
10,,ANiket,paradhi,Test7001,QA,A,8080326836,aniket.paradhi@airpay.co.in,14-05-2019,14-05-2019,DemoAirpay1,100.00,Q1,Paid,"May 13 2019",Airpay,314770,,,https://qa.schoolpay.co.in/memberinvoicedetails_new.php?pid=403569&schoolid=167,214961
11,403571,ANiket,paradhi,Test7001,QA,A,8080326836,aniket.paradhi@airpay.co.in,14-05-2019,14-05-2019,Teamshow,100.00,Q1,Paid,"May 13 2019",Airpay,314776,,,https://qa.schoolpay.co.in/memberinvoicedetails_new.php?pid=403571&schoolid=167,214963
12,403572,ANiket,paradhi,Test7001,QA,A,8080326836,aniket.paradhi@airpay.co.in,14-05-2019,14-05-2019,TeamView1,100.00,Q1,Paid,"May 13 2019",Airpay,314777,,,https://qa.schoolpay.co.in/memberinvoicedetails_new.php?pid=403572&schoolid=167,214965
13,,ANiket,paradhi,Test7001,QA,A,8080326836,aniket.paradhi@airpay.co.in,14-05-2019,14-05-2019,TeamView,100.00,Q1,Paid,"May 13 2019",Airpay,314777,,,https://qa.schoolpay.co.in/memberinvoicedetails_new.php?pid=403572&schoolid=167,214965
14,403574,ANiket,paradhi,Test7001,QA,A,8080326836,aniket.paradhi@airpay.co.in,14-05-2019,14-05-2019,testteam1,100.00,Q1,Paid,"May 13 2019",Airpay,315112,,,https://qa.schoolpay.co.in/memberinvoicedetails_new.php?pid=403574&schoolid=167,214966
15,403576,ANiket,paradhi,Test7001,QA,A,8080326836,aniket.paradhi@airpay.co.in,14-05-2019,14-05-2019,TESTsp,100.00,Q1,Paid,"May 13 2019",Airpay,315249,,,https://qa.schoolpay.co.in/memberinvoicedetails_new.php?pid=403576&schoolid=167,214967
16,403577,ANiket,paradhi,Test7001,QA,A,8080326836,aniket.paradhi@airpay.co.in,14-05-2019,14-05-2019,TestSPeed1,100.00,Q1,Paid,"May 13 2019",Airpay,315382,,,https://qa.schoolpay.co.in/memberinvoicedetails_new.php?pid=403577&schoolid=167,214968
17,,ANiket,paradhi,Test7001,QA,A,8080326836,aniket.paradhi@airpay.co.in,14-05-2019,14-05-2019,TestSPeed,100.00,Q1,Paid,"May 13 2019",Airpay,315382,,,https://qa.schoolpay.co.in/memberinvoicedetails_new.php?pid=403577&schoolid=167,214968
18,403579,ANiket,paradhi,Test7001,QA,A,8080326836,aniket.paradhi@airpay.co.in,15-05-2019,15-05-2019,Airtest,100.00,Q1,Paid,"May 14 2019",Airpay,315617,,,https://qa.schoolpay.co.in/memberinvoicedetails_new.php?pid=403579&schoolid=167,214969
